{"cameraMode":{"drawMode":0,"name":"Shaded","section":"Shading Mode"},"sceneLighting":true,"audioPlay":false,"sceneViewState":{"m_AlwaysRefresh":false,"showFog":true,"showSkybox":true,"showFlares":true,"showImageEffects":true,"showParticleSystems":true,"showVisualEffectGraphs":true,"m_FxEnabled":true},"in2DMode":false,"pivot":{"x":-1.880110263824463,"y":2.9334423542022707,"z":-8.554990768432618},"rotation":{"x":0.22642584145069123,"y":0.12665832042694093,"z":-0.029904106631875039,"w":0.9654116630554199},"size":12.41149616241455,"orthographic":false}